City_ID,City,Lat,Lng,Max Temp,Humidity,Cloudiness,Wind Speed,Country,Date
0,Rikitea,-23.1203,-134.9692,78.12,66,2,13.11,PF,2022-04-17 16:42:21
1,Beringovskiy,63.05,179.3167,29.12,98,100,14.58,RU,2022-04-17 16:42:22
2,Atuona,-9.8,-139.0333,79.03,81,42,17.69,PF,2022-04-17 16:42:22
3,Butaritari,3.0707,172.7902,81.28,74,21,11.97,KI,2022-04-17 16:42:22
4,Punta Arenas,-53.15,-70.9167,46.51,93,75,5.75,CL,2022-04-17 16:42:23
5,Acapulco,16.8634,-99.8901,84.02,61,0,6.91,MX,2022-04-17 16:42:23
6,Busselton,-33.65,115.3333,57.15,65,33,3.36,AU,2022-04-17 16:40:25
7,Kodiak,57.79,-152.4072,33.31,93,100,3.44,US,2022-04-17 16:42:23
8,Taltal,-25.4,-70.4833,67.26,66,0,8.81,CL,2022-04-17 16:42:24
9,Luanda,-8.8368,13.2343,82.4,78,40,13.8,AO,2022-04-17 16:37:24
10,Kapaa,22.0752,-159.319,73.72,94,75,14.97,US,2022-04-17 16:42:24
11,Touros,-5.1989,-35.4608,86.36,61,98,10.94,BR,2022-04-17 16:41:43
12,Nanortalik,60.1432,-45.2371,31.23,78,100,7.38,GL,2022-04-17 16:42:24
13,Pathein,16.7833,94.7333,80.74,79,92,6.91,MM,2022-04-17 16:42:25
14,Bluff,-46.6,168.3333,37.8,84,4,6.11,NZ,2022-04-17 16:42:25
15,Carnarvon,-24.8667,113.6333,69.87,88,40,16.11,AU,2022-04-17 16:42:25
16,Faanui,-16.4833,-151.75,81.23,71,10,12.77,PF,2022-04-17 16:42:26
17,Tuktoyaktuk,69.4541,-133.0374,3.2,72,75,6.91,CA,2022-04-17 16:41:44
18,Tasiilaq,65.6145,-37.6368,35.76,99,100,8.81,GL,2022-04-17 16:42:26
19,Castro,-24.7911,-50.0119,67.21,51,33,2.21,BR,2022-04-17 16:42:26
20,Ust-Nera,64.5667,143.2,1.47,100,87,2.53,RU,2022-04-17 16:42:27
21,Tigre,-34.426,-58.5796,72.25,54,20,5.75,AR,2022-04-17 16:42:27
22,Half Moon Bay,37.4636,-122.4286,55.58,70,75,8.05,US,2022-04-17 16:38:40
23,Albany,42.6001,-73.9662,42.58,61,71,3.0,US,2022-04-17 16:40:49
24,Lebu,-37.6167,-73.65,59.54,77,100,9.73,CL,2022-04-17 16:42:28
25,Alofi,-19.0595,-169.9187,71.49,94,48,1.14,NU,2022-04-17 16:42:28
26,Guerrero Negro,27.9769,-114.0611,67.3,61,57,15.05,MX,2022-04-17 16:41:53
27,Hermanus,-34.4187,19.2345,63.81,71,7,15.9,ZA,2022-04-17 16:42:28
28,Svetlogorsk,52.6333,29.7333,37.15,71,100,14.27,BY,2022-04-17 16:42:29
29,Qaanaaq,77.484,-69.3632,-11.0,70,7,2.17,GL,2022-04-17 16:42:29
30,Havre-Saint-Pierre,50.2334,-63.5986,32.36,100,100,8.05,CA,2022-04-17 16:42:29
31,Souillac,-20.5167,57.5167,77.38,100,40,5.75,MU,2022-04-17 16:42:30
32,Hervey Bay,-25.2986,152.8535,64.02,88,39,11.01,AU,2022-04-17 16:42:30
33,Itaituba,-4.2761,-55.9836,82.56,78,40,5.75,BR,2022-04-17 16:42:30
34,Port Alfred,-33.5906,26.891,63.18,85,97,1.99,ZA,2022-04-17 16:41:41
35,Tura,25.5198,90.2201,71.01,71,2,8.63,IN,2022-04-17 16:42:31
36,Le Port,-20.9373,55.2919,78.8,80,4,4.16,RE,2022-04-17 16:42:31
37,Bondo,3.8146,23.6866,79.05,63,72,3.69,CD,2022-04-17 16:42:31
38,Lompoc,34.6391,-120.4579,59.85,89,100,11.5,US,2022-04-17 16:42:32
39,Komsomolskiy,40.4272,71.7189,68.72,32,35,6.91,UZ,2022-04-17 16:42:32
40,Ambulu,-8.345,113.6058,77.23,90,100,3.27,ID,2022-04-17 16:42:32
41,Oga,46.4631,10.347,52.48,74,65,6.06,IT,2022-04-17 16:42:33
42,Bredasdorp,-34.5322,20.0403,60.39,89,0,6.82,ZA,2022-04-17 16:42:33
43,Dali,25.7,100.1833,57.94,64,26,5.01,CN,2022-04-17 16:42:33
44,Mezen,65.8522,44.24,33.51,98,100,10.0,RU,2022-04-17 16:42:34
45,Esna,25.2934,32.554,96.82,8,68,7.09,EG,2022-04-17 16:43:34
46,Artemisa,22.814,-82.7561,84.38,48,19,8.14,CU,2022-04-17 16:43:34
47,Lagoa,39.05,-27.9833,57.74,70,21,15.32,PT,2022-04-17 16:43:35
48,Noumea,-22.2763,166.4572,75.99,99,15,4.54,NC,2022-04-17 16:43:35
49,Cape Town,-33.9258,18.4232,65.1,76,0,15.01,ZA,2022-04-17 16:43:35
50,Khilok,51.3674,110.4676,39.58,75,42,4.7,RU,2022-04-17 16:43:36
51,Yellowknife,62.456,-114.3525,9.12,52,20,9.22,CA,2022-04-17 16:40:31
52,Torbay,47.6666,-52.7314,48.97,66,75,31.07,CA,2022-04-17 16:38:37
53,Chuy,-33.6971,-53.4616,70.18,54,87,10.0,UY,2022-04-17 16:40:36
54,Vila Franca Do Campo,37.7167,-25.4333,63.01,80,77,10.94,PT,2022-04-17 16:43:36
55,Thompson,55.7435,-97.8558,24.96,42,40,2.3,CA,2022-04-17 16:40:10
56,Avarua,-21.2078,-159.775,75.25,94,40,3.44,CK,2022-04-17 16:43:37
57,Mehamn,71.0357,27.8492,39.15,100,100,11.5,NO,2022-04-17 16:43:37
58,Jamestown,42.097,-79.2353,37.02,51,75,6.91,US,2022-04-17 16:43:37
59,Pangnirtung,66.1451,-65.7125,6.8,78,100,9.22,CA,2022-04-17 16:43:38
60,Sur,22.5667,59.5289,88.54,44,38,9.98,OM,2022-04-17 16:42:06
61,Cherskiy,68.75,161.3,-3.12,100,100,4.09,RU,2022-04-17 16:43:38
62,Nome,64.5011,-165.4064,30.27,80,100,19.57,US,2022-04-17 16:43:39
63,Aklavik,68.2191,-135.0107,8.6,52,75,8.05,CA,2022-04-17 16:43:39
64,Concord,37.978,-122.0311,58.06,65,0,8.05,US,2022-04-17 16:43:07
65,Ketchikan,55.3422,-131.6461,39.18,75,0,6.91,US,2022-04-17 16:43:39
66,Chokurdakh,70.6333,147.9167,-9.0,100,54,4.32,RU,2022-04-17 16:43:40
67,Dingle,10.9995,122.6711,76.21,89,55,6.96,PH,2022-04-17 16:43:40
68,Izhma,65.0083,53.9113,32.11,91,95,7.76,RU,2022-04-17 16:43:40
69,Jacqueville,5.2052,-4.4146,78.01,82,100,6.62,CI,2022-04-17 16:43:41
70,Dinguiraye,11.3,-10.7167,101.7,12,88,9.31,GN,2022-04-17 16:43:41
71,Bambous Virieux,-20.3428,57.7575,78.22,100,40,5.75,MU,2022-04-17 16:41:55
72,Wairoa,-39.0333,177.3667,53.55,93,100,1.01,NZ,2022-04-17 16:38:58
73,Hobart,-42.8794,147.3294,61.02,76,100,3.44,AU,2022-04-17 16:43:41
74,Bay City,43.5945,-83.8889,40.1,58,40,9.22,US,2022-04-17 16:42:50
75,Nuuk,64.1835,-51.7216,29.01,80,75,13.8,GL,2022-04-17 16:41:18
76,Ribeira Grande,38.5167,-28.7,64.8,55,20,19.57,PT,2022-04-17 16:43:42
77,Mahebourg,-20.4081,57.7,78.26,100,40,5.75,MU,2022-04-17 16:43:42
78,Los Llanos De Aridane,28.6585,-17.9182,69.55,73,0,14.97,ES,2022-04-17 16:43:42
79,Buturlino,55.5667,44.8974,33.13,95,100,11.56,RU,2022-04-17 16:43:43
80,Port Hueneme,34.1478,-119.1951,68.09,80,100,10.36,US,2022-04-17 16:41:28
81,Mortka,59.3322,66.0214,25.11,92,64,3.87,RU,2022-04-17 16:43:43
82,Mataura,-46.1927,168.8643,37.47,96,0,1.83,NZ,2022-04-17 16:43:44
83,Cayenne,4.9333,-52.3333,86.04,11,75,14.97,GF,2022-04-17 16:43:44
84,Awjilah,29.1081,21.2869,78.71,28,6,16.71,LY,2022-04-17 16:43:44
85,Villaviciosa,43.4813,-5.4357,62.62,82,100,3.98,ES,2022-04-17 16:43:45
86,La Grande,45.3246,-118.0877,41.02,75,41,5.44,US,2022-04-17 16:43:45
87,Barrow,71.2906,-156.7887,-5.78,84,0,18.41,US,2022-04-17 16:43:45
88,Fortuna,40.5982,-124.1573,53.92,86,0,0.0,US,2022-04-17 16:44:46
89,Poum,-20.2333,164.0167,77.97,64,71,3.53,NC,2022-04-17 16:44:46
90,General Pico,-35.6566,-63.7568,73.06,35,5,8.25,AR,2022-04-17 16:41:10
91,Saint George,37.1041,-113.5841,67.42,28,0,3.44,US,2022-04-17 16:41:01
92,Paamiut,61.994,-49.6678,29.41,77,100,5.21,GL,2022-04-17 16:44:46
93,Kampong Thum,12.7111,104.8887,80.04,79,97,1.52,KH,2022-04-17 16:44:47
94,Omsukchan,62.5333,155.8,9.9,97,100,3.49,RU,2022-04-17 16:44:47
95,Ponta Do Sol,32.6667,-17.1,76.12,39,100,12.17,PT,2022-04-17 16:44:47
96,Kahului,20.8947,-156.47,73.85,76,40,5.75,US,2022-04-17 16:44:48
97,Kavaratti,10.5669,72.642,84.74,71,12,7.34,IN,2022-04-17 16:44:48
98,Hovd,48.0056,91.6419,45.27,23,0,2.01,MN,2022-04-17 16:44:48
99,New Norfolk,-42.7826,147.0587,60.66,59,100,3.0,AU,2022-04-17 16:43:50
100,Georgetown,5.4112,100.3354,82.33,88,40,3.44,MY,2022-04-17 16:42:34
101,San Cristobal,7.7669,-72.225,68.18,95,100,2.04,VE,2022-04-17 16:44:49
102,Fort Nelson,58.8053,-122.7002,9.99,79,100,9.22,CA,2022-04-17 16:44:49
103,La Guacamaya,15.25,-87.8,76.75,44,71,2.19,HN,2022-04-17 16:44:49
104,Truro,50.2653,-5.0544,56.48,88,75,10.36,GB,2022-04-17 16:44:50
105,Lasa,46.6166,10.7002,59.88,71,73,5.44,IT,2022-04-17 16:44:50
106,Port Elizabeth,-33.918,25.5701,65.1,93,20,9.22,ZA,2022-04-17 16:44:51
107,Hithadhoo,-0.6,73.0833,83.48,75,65,7.78,MV,2022-04-17 16:40:30
108,Pevek,69.7008,170.3133,2.23,94,100,2.1,RU,2022-04-17 16:44:51
109,Beloha,-25.1667,45.05,73.99,84,59,14.12,MG,2022-04-17 16:44:51
110,Srandakan,-7.9386,110.2506,78.58,88,100,3.31,ID,2022-04-17 16:44:52
111,Fomboni,-12.28,43.7425,83.75,69,16,14.47,KM,2022-04-17 16:44:52
112,Sosnovo-Ozerskoye,52.5249,111.5418,35.4,88,50,8.72,RU,2022-04-17 16:44:52
113,Ushuaia,-54.8,-68.3,45.57,95,100,9.1,AR,2022-04-17 16:40:38
114,Thongwa,16.7619,96.5278,84.36,62,51,10.04,MM,2022-04-17 16:44:53
115,Teahupoo,-17.8333,-149.2667,71.56,75,32,14.05,PF,2022-04-17 16:44:53
116,Valleyview,55.0667,-117.2859,33.64,51,98,5.7,CA,2022-04-17 16:42:36
117,Batagay-Alyta,67.8006,130.4114,-5.53,100,83,4.76,RU,2022-04-17 16:44:53
118,Ostrovnoy,68.0531,39.5131,34.21,94,100,21.81,RU,2022-04-17 16:44:54
119,Kuala Terengganu,5.3302,103.1408,84.15,79,20,2.3,MY,2022-04-17 16:44:54
120,Pechora,65.1472,57.2244,28.11,95,86,6.82,RU,2022-04-17 16:44:54
121,Mar Del Plata,-38.0023,-57.5575,68.02,84,40,8.05,AR,2022-04-17 16:42:23
122,Kirchhundem,51.1,8.1,54.86,43,0,7.85,DE,2022-04-17 16:44:55
123,Luderitz,-26.6481,15.1594,66.67,65,0,10.33,NA,2022-04-17 16:44:55
124,Talnakh,69.4865,88.3972,9.21,96,100,7.81,RU,2022-04-17 16:44:55
125,Pozo Colorado,-23.4923,-58.7972,78.64,39,78,2.71,PY,2022-04-17 16:44:56
126,Nikolskoye,59.7035,30.7861,40.91,75,90,3.78,RU,2022-04-17 16:44:56
127,Terrace Bay,48.7834,-87.1,24.94,77,69,4.9,CA,2022-04-17 16:44:56
128,Cockburn Town,21.4612,-71.1419,80.56,74,75,17.27,TC,2022-04-17 16:41:27
129,Hami,42.8,93.45,58.21,16,0,7.11,CN,2022-04-17 16:44:50
130,Taoudenni,22.6783,-3.9836,89.8,15,0,16.51,ML,2022-04-17 16:44:57
131,Airai,-8.9266,125.4092,60.48,91,100,1.9,TL,2022-04-17 16:43:47
132,Bud,39.447,-86.1758,47.91,48,91,11.68,US,2022-04-17 16:44:57
133,Honningsvag,70.9821,25.9704,40.75,93,100,24.16,NO,2022-04-17 16:44:58
134,Novyy Urengoy,66.0833,76.6333,9.1,88,53,11.12,RU,2022-04-17 16:45:58
135,Ranong,9.9658,98.6348,80.15,86,59,1.92,TH,2022-04-17 16:45:58
136,Coro,11.4045,-69.6734,85.17,64,98,8.19,VE,2022-04-17 16:45:59
137,Geraldton,-28.7667,114.6,57.61,72,15,12.66,AU,2022-04-17 16:45:59
138,Kenai,60.5544,-151.2583,35.15,83,100,0.0,US,2022-04-17 16:45:59
139,Puerto Ayora,-0.7393,-90.3518,78.76,84,93,8.97,EC,2022-04-17 16:46:00
140,Aripuana,-9.1667,-60.6333,79.43,89,98,3.2,BR,2022-04-17 16:46:00
141,Margate,51.3813,1.3862,58.87,62,75,3.0,GB,2022-04-17 16:46:00
142,Vaini,-21.2,-175.2,77.16,94,40,4.61,TO,2022-04-17 16:46:01
143,Mitla,16.9167,-96.4,83.16,18,22,4.16,MX,2022-04-17 16:46:01
144,Taywarah,33.35,64.4167,52.32,52,97,4.18,AF,2022-04-17 16:46:01
145,Port Lincoln,-34.7333,135.8667,62.17,79,100,11.92,AU,2022-04-17 16:46:02
146,Labytnangi,66.6572,66.4183,10.74,87,72,6.22,RU,2022-04-17 16:46:02
147,Cascais,38.6979,-9.4215,69.66,58,20,25.32,PT,2022-04-17 16:42:56
148,Listvyanskiy,54.4399,83.4984,49.37,78,99,6.49,RU,2022-04-17 16:46:03
149,Victoria,22.2855,114.1577,73.18,77,97,5.99,HK,2022-04-17 16:45:59
150,Rabat,33.9911,-6.8401,82.04,67,0,8.05,MA,2022-04-17 16:46:03
151,Uthal,25.8072,66.6219,82.81,73,12,7.16,PK,2022-04-17 16:46:03
152,Porto Novo,6.4965,2.6036,85.15,70,74,11.48,BJ,2022-04-17 16:45:25
153,Bilibino,68.0546,166.4372,12.36,96,100,2.19,RU,2022-04-17 16:46:04
154,Saskylakh,71.9167,114.0833,27.05,96,100,19.28,RU,2022-04-17 16:41:47
155,Corrales,35.2378,-106.6067,69.3,19,0,15.01,US,2022-04-17 16:46:04
156,Burnie,-41.0667,145.9167,57.33,91,100,6.6,AU,2022-04-17 16:46:05
157,San Patricio,28.017,-97.5169,85.15,54,84,12.37,US,2022-04-17 16:46:05
158,Narsaq,60.9167,-46.05,35.82,79,100,4.61,GL,2022-04-17 16:46:06
159,Hualmay,-11.0964,-77.6139,71.85,71,42,10.25,PE,2022-04-17 16:46:06
160,Tiksi,71.6872,128.8694,-7.73,98,46,2.77,RU,2022-04-17 16:46:06
161,Dikson,73.5069,80.5464,4.89,97,100,11.48,RU,2022-04-17 16:43:53
162,Axim,4.8699,-2.2405,81.01,80,95,10.71,GH,2022-04-17 16:46:07
163,Sao Joao Da Barra,-21.6403,-41.0511,78.89,60,9,13.78,BR,2022-04-17 16:46:07
164,Manaus,-3.1019,-60.025,79.3,94,40,2.3,BR,2022-04-17 16:45:16
165,Khandbari,27.3747,87.2039,71.24,39,26,4.61,NP,2022-04-17 16:46:08
166,Sanarate,14.795,-90.1922,82.71,30,42,3.27,GT,2022-04-17 16:46:08
167,Mount Isa,-20.7333,139.5,62.37,51,0,0.0,AU,2022-04-17 16:46:08
168,Atar,20.5169,-13.0499,101.46,7,6,10.09,MR,2022-04-17 16:46:09
169,Oxbow,49.2333,-102.1676,18.64,89,100,11.92,CA,2022-04-17 16:46:09
170,Saurimo,-9.6608,20.3916,66.45,94,90,3.71,AO,2022-04-17 16:46:09
171,Kununurra,-15.7667,128.7333,76.98,88,33,0.0,AU,2022-04-17 16:44:53
172,Dzhebariki-Khaya,62.2167,135.8,2.88,99,63,1.74,RU,2022-04-17 16:46:10
173,Srednekolymsk,67.45,153.6833,2.46,98,99,5.03,RU,2022-04-17 16:46:10
174,Buraydah,26.326,43.975,86.45,10,0,13.18,SA,2022-04-17 16:44:59
175,Samoded,63.6083,40.5111,33.51,98,100,7.07,RU,2022-04-17 16:46:11
176,Teguldet,57.3064,88.1667,44.58,91,55,5.73,RU,2022-04-17 16:46:11
177,Okhotsk,59.3833,143.3,18.52,90,100,5.44,RU,2022-04-17 16:46:11
178,Leh,34.1667,77.5833,41.27,32,59,4.99,IN,2022-04-17 16:46:11
179,Inhambane,-23.865,35.3833,73.38,94,40,3.44,MZ,2022-04-17 16:47:12
180,Rocha,-34.4833,-54.3333,69.58,59,91,5.3,UY,2022-04-17 16:46:02
181,Ravar,31.2656,56.8055,69.85,35,47,8.93,IR,2022-04-17 16:47:12
182,Flinders,-34.5833,150.8552,63.18,89,60,7.27,AU,2022-04-17 16:47:13
183,Saint-Augustin,51.226,-58.6502,34.29,99,100,14.25,CA,2022-04-17 16:47:13
184,Puerto Narino,-3.7703,-70.3831,84.38,75,68,3.31,CO,2022-04-17 16:47:13
185,Porbandar,21.6422,69.6093,81.34,73,1,8.72,IN,2022-04-17 16:47:14
186,Katsuura,35.1333,140.3,57.49,74,69,5.59,JP,2022-04-17 16:43:57
187,Hay River,60.8156,-115.7999,8.58,66,75,2.3,CA,2022-04-17 16:44:14
188,Calama,-22.4667,-68.9333,70.29,3,0,5.75,CL,2022-04-17 16:47:14
189,Meerssen,50.8875,5.75,67.6,25,0,13.8,NL,2022-04-17 16:47:14
190,Te Anau,-45.4167,167.7167,45.05,92,25,1.43,NZ,2022-04-17 16:47:15
191,Kathu,7.9178,98.3332,80.42,78,31,4.92,TH,2022-04-17 16:47:15
192,Taksimo,56.3444,114.8794,28.96,95,100,1.83,RU,2022-04-17 16:43:33
193,Gat,31.61,34.7642,90.28,30,1,11.99,IL,2022-04-17 16:47:15
194,Nova Aurora,-22.8667,-52.5667,72.95,58,3,7.14,BR,2022-04-17 16:47:16
195,Qaqortoq,60.7167,-46.0333,31.12,81,100,3.09,GL,2022-04-17 16:47:16
196,Bethel,41.3712,-73.414,48.02,42,40,10.36,US,2022-04-17 16:44:48
197,Chapais,49.7834,-74.8492,28.18,70,100,14.34,CA,2022-04-17 16:47:17
198,Jumla,29.2747,82.1838,51.21,59,48,4.63,NP,2022-04-17 16:44:03
199,Dakar,14.6937,-17.4441,81.48,73,75,21.85,SN,2022-04-17 16:42:37
200,Icod De Los Vinos,28.3724,-16.7119,91.15,48,85,7.25,ES,2022-04-17 16:47:17
201,Timiryazevskiy,56.49,84.8769,50.95,67,67,5.12,RU,2022-04-17 16:47:17
202,Lydenburg,-25.0978,30.4597,53.62,95,100,2.57,ZA,2022-04-17 16:47:18
203,Tuatapere,-46.1333,167.6833,44.15,91,1,4.29,NZ,2022-04-17 16:47:18
204,Quatre Cocos,-20.2078,57.7625,78.1,88,43,14.74,MU,2022-04-17 16:47:18
205,Denpasar,-8.65,115.2167,82.06,88,20,3.44,ID,2022-04-17 16:47:19
206,Cedar City,37.6775,-113.0619,61.39,47,0,6.91,US,2022-04-17 16:46:50
207,Borazjan,29.2666,51.2159,75.34,24,0,4.7,IR,2022-04-17 16:47:19
208,Puerto Escondido,15.85,-97.0667,87.84,53,63,8.43,MX,2022-04-17 16:47:20
209,Saint Anthony,45.0205,-93.218,44.1,45,100,16.11,US,2022-04-17 16:45:26
210,Richards Bay,-28.783,32.0377,64.42,92,100,2.06,ZA,2022-04-17 16:47:20
211,Arraial Do Cabo,-22.9661,-42.0278,76.96,73,75,9.22,BR,2022-04-17 16:42:59
212,Nyurba,63.2842,118.3319,32.18,98,100,10.4,RU,2022-04-17 16:47:20
213,Maniitsoq,65.4167,-52.9,24.51,64,99,3.2,GL,2022-04-17 16:47:21
214,Saint Cloud,45.5608,-94.1625,41.0,49,75,13.8,US,2022-04-17 16:47:21
215,Kuytun,54.3419,101.5036,48.06,75,80,8.19,RU,2022-04-17 16:47:21
216,Shelburne,44.0787,-80.2041,38.91,56,71,12.57,CA,2022-04-17 16:44:29
217,Naze,28.3667,129.4833,63.52,61,86,6.33,JP,2022-04-17 16:45:07
218,Mount Gambier,-37.8333,140.7667,55.31,100,100,6.91,AU,2022-04-17 16:44:16
219,Westport,41.1415,-73.3579,51.04,39,0,23.02,US,2022-04-17 16:45:25
220,Gobabis,-22.45,18.9667,76.71,38,84,9.35,NA,2022-04-17 16:47:22
221,Kaitangata,-46.2817,169.8464,42.69,93,4,4.03,NZ,2022-04-17 16:47:22
222,Quelimane,-17.8786,36.8883,82.35,78,40,9.22,MZ,2022-04-17 16:47:23
223,Zyryanka,65.75,150.85,1.99,100,100,2.26,RU,2022-04-17 16:47:23
224,Prigen,-7.6833,112.6167,72.93,91,100,2.06,ID,2022-04-17 16:48:23
225,Soeng Sang,14.4264,102.4606,74.88,88,100,5.21,TH,2022-04-17 16:48:24
226,Najran,17.4924,44.1277,88.45,17,42,0.58,SA,2022-04-17 16:48:24
227,Tessalit,20.1986,1.0114,85.21,14,0,14.29,ML,2022-04-17 16:48:24
228,Hilo,19.7297,-155.09,74.28,100,100,5.75,US,2022-04-17 16:48:25
229,Adrar,20.5022,-10.0711,95.81,8,6,7.45,MR,2022-04-17 16:48:25
230,Yarmouth,41.7057,-70.2286,51.26,66,100,11.5,US,2022-04-17 16:48:25
231,Bara,10.3744,10.7288,89.8,43,80,12.53,NG,2022-04-17 16:48:26
232,Bedele,8.456,36.353,60.3,85,64,4.09,ET,2022-04-17 16:48:26
233,Solnechnyy,50.7214,136.6319,23.79,95,100,4.23,RU,2022-04-17 16:48:26
234,Magadan,59.5667,150.8,18.54,80,100,6.2,RU,2022-04-17 16:48:26
235,Khatanga,71.9667,102.5,9.55,95,99,11.54,RU,2022-04-17 16:48:27
236,Laguna,38.421,-121.4238,63.09,72,0,6.91,US,2022-04-17 16:45:30
237,Necochea,-38.5473,-58.7368,68.88,50,81,4.83,AR,2022-04-17 16:46:45
238,Ilulissat,69.2167,-51.1,17.62,73,75,5.75,GL,2022-04-17 16:44:14
239,Makakilo City,21.3469,-158.0858,72.68,73,0,11.5,US,2022-04-17 16:48:27
240,Pocatello,42.8713,-112.4455,40.86,46,40,20.71,US,2022-04-17 16:44:55
241,Totma,59.9747,42.7642,29.8,94,97,2.8,RU,2022-04-17 16:48:28
242,Port Hedland,-20.3167,118.5667,78.85,83,19,4.61,AU,2022-04-17 16:48:28
243,Oranjemund,-28.55,16.4333,63.59,64,0,10.74,NA,2022-04-17 16:48:28
244,Saint-Philippe,-21.3585,55.7679,78.39,90,37,13.02,RE,2022-04-17 16:48:29
245,Alta Floresta,-9.8756,-56.0861,75.97,94,96,3.85,BR,2022-04-17 16:48:29
246,Cidreira,-30.1811,-50.2056,70.07,59,84,8.77,BR,2022-04-17 16:48:29
247,Roma,43.2128,-75.4557,41.38,65,100,18.41,US,2022-04-17 16:48:30
248,Gambela,8.25,34.5833,82.04,58,79,2.98,ET,2022-04-17 16:48:30
249,Merauke,-8.4667,140.3333,80.02,82,94,4.09,ID,2022-04-17 16:48:30
250,Coahuayana,18.7333,-103.6833,87.49,50,99,6.24,MX,2022-04-17 16:45:14
251,Tsumeb,-19.2333,17.7167,74.77,54,89,9.82,NA,2022-04-17 16:48:31
252,Port Blair,11.6667,92.75,80.64,89,20,2.3,IN,2022-04-17 16:48:31
253,Maldonado,-34.6667,-54.9167,70.99,60,97,6.24,UY,2022-04-17 16:45:26
254,East London,-33.0153,27.9116,65.34,94,40,2.3,ZA,2022-04-17 16:48:31
255,Clyde River,70.4692,-68.5914,-10.97,84,40,9.22,CA,2022-04-17 16:48:32
256,Pyaozerskiy,65.8333,31.1667,38.17,92,100,5.41,RU,2022-04-17 16:48:32
257,Itoigawa,37.0333,137.85,51.35,72,19,5.1,JP,2022-04-17 16:48:32
258,Iquitos,-3.7481,-73.2472,86.04,70,75,4.61,PE,2022-04-17 16:48:33
259,Nsanje,-16.92,35.262,74.64,85,38,4.09,MW,2022-04-17 16:48:33
260,La Rioja,42.25,-2.5,62.38,56,100,9.78,ES,2022-04-17 16:48:33
261,Manta,-0.95,-80.7333,85.78,66,40,6.91,EC,2022-04-17 16:48:34
262,Upernavik,72.7868,-56.1549,-5.12,83,98,16.08,GL,2022-04-17 16:44:19
263,Kemijarvi,66.7131,27.4306,40.57,95,100,1.43,FI,2022-04-17 16:48:34
264,Cam Ranh,11.9214,109.1591,78.76,89,20,8.05,VN,2022-04-17 16:48:34
265,College,64.8569,-147.8028,21.99,44,20,8.05,US,2022-04-17 16:47:59
266,Catamayo,-3.9833,-79.35,75.45,61,75,3.44,EC,2022-04-17 16:48:35
267,Nouadhibou,20.931,-17.0347,71.58,68,35,12.66,MR,2022-04-17 16:48:35
268,Sitka,57.0531,-135.33,39.09,70,40,4.61,US,2022-04-17 16:48:35
269,Motomiya,37.5167,140.4,46.45,86,4,4.12,JP,2022-04-17 16:48:36
270,Haukipudas,65.1765,25.3523,39.25,96,77,2.57,FI,2022-04-17 16:48:36
271,Roald,62.5833,6.1333,59.92,66,75,6.91,NO,2022-04-17 16:48:36
272,Bowen,-20.0167,148.2333,70.45,84,2,8.86,AU,2022-04-17 16:46:07
273,Norman Wells,65.282,-126.8329,1.44,60,20,4.61,CA,2022-04-17 16:49:37
274,Kermanshah,34.3142,47.065,63.5,43,0,2.3,IR,2022-04-17 16:49:37
275,San Andres,12.5847,-81.7006,84.22,74,20,12.66,CO,2022-04-17 16:49:13
276,Zambrow,52.9855,22.2432,43.45,52,97,7.47,PL,2022-04-17 16:49:38
277,Onguday,50.75,86.15,48.7,50,82,3.78,RU,2022-04-17 16:49:38
278,Bikin,46.8161,134.26,33.03,71,4,3.36,RU,2022-04-17 16:49:38
279,Sao Filipe,14.8961,-24.4956,72.36,77,39,13.35,CV,2022-04-17 16:49:39
280,Kangaatsiaq,68.3065,-53.4641,13.26,83,98,6.91,GL,2022-04-17 16:49:39
281,Nishihara,26.1842,127.7558,65.48,68,20,5.75,JP,2022-04-17 16:49:39
282,Ndele,8.4109,20.6473,80.2,61,91,5.64,CF,2022-04-17 16:49:39
283,Antofagasta,-23.65,-70.4,63.68,68,16,8.97,CL,2022-04-17 16:46:47
284,Hamilton,39.1834,-84.5333,48.31,45,0,13.8,US,2022-04-17 16:47:46
285,Flin Flon,54.7682,-101.865,26.44,39,40,4.61,CA,2022-04-17 16:49:40
286,Severo-Kurilsk,50.6789,156.125,28.65,79,35,10.85,RU,2022-04-17 16:49:40
287,San Quintin,30.4833,-115.95,64.99,63,0,15.05,MX,2022-04-17 16:45:39
288,Ayorou,14.7308,0.9174,96.35,7,98,12.35,NE,2022-04-17 16:49:41
289,Kruisfontein,-34.0033,24.7314,62.89,85,25,3.09,ZA,2022-04-17 16:49:41
290,Muhororo,0.9381,30.7594,68.86,76,97,1.66,UG,2022-04-17 16:49:41
291,Sierra Vista,31.5545,-110.3037,73.11,13,0,8.05,US,2022-04-17 16:49:42
292,Biak,-0.9131,122.8766,76.03,80,98,2.66,ID,2022-04-17 16:49:42
293,Douentza,14.9951,-2.9517,96.42,8,36,15.84,ML,2022-04-17 16:49:42
294,Port Hardy,50.6996,-127.4199,42.8,70,20,3.44,CA,2022-04-17 16:45:25
295,Yeppoon,-23.1333,150.7333,65.98,84,6,10.6,AU,2022-04-17 16:49:43
296,Loa Janan,-0.583,117.095,74.64,95,93,0.54,ID,2022-04-17 16:49:43
297,Klaksvik,62.2266,-6.589,49.12,96,100,12.64,FO,2022-04-17 16:49:43
298,Sinnamary,5.3833,-52.95,82.17,73,60,10.22,GF,2022-04-17 16:49:44
299,Walvis Bay,-22.9575,14.5053,68.95,56,0,6.91,NA,2022-04-17 16:49:44
300,Midleton,51.9153,-8.1805,53.38,95,66,15.84,IE,2022-04-17 16:49:44
301,Vardo,70.3705,31.1107,38.41,89,100,7.54,NO,2022-04-17 16:49:44
302,Meulaboh,4.1363,96.1285,79.29,84,95,3.13,ID,2022-04-17 16:49:45
303,Kon Tum,14.35,108.0,68.49,95,48,3.13,VN,2022-04-17 16:49:45
304,Jiangyou,31.7667,104.7167,52.88,85,100,2.28,CN,2022-04-17 16:49:45
305,Namibe,-15.1961,12.1522,75.25,76,57,9.35,AO,2022-04-17 16:49:46
306,Cabra,37.4725,-4.4421,77.38,35,81,4.14,ES,2022-04-17 16:49:46
307,Tabou,4.423,-7.3528,77.05,84,100,6.78,CI,2022-04-17 16:49:46
308,Phayuha Khiri,15.4553,100.1353,84.96,71,98,9.28,TH,2022-04-17 16:49:47
309,Akhmim,26.5622,31.745,98.8,8,100,9.33,EG,2022-04-17 16:49:47
310,Maumee,41.5628,-83.6538,41.52,53,0,10.36,US,2022-04-17 16:45:01
311,Hofn,64.2539,-15.2082,46.33,82,19,9.93,IS,2022-04-17 16:49:47
312,Dahod,22.8333,74.2667,87.57,19,0,11.25,IN,2022-04-17 16:49:48
313,Bandarbeyla,9.4942,50.8122,82.65,77,69,8.25,SO,2022-04-17 16:49:48
314,Grindavik,63.8424,-22.4338,44.55,65,75,11.5,IS,2022-04-17 16:49:48
315,Peris,44.6847,26.0139,43.74,75,0,12.66,RO,2022-04-17 16:49:49
316,Sibay,52.7181,58.6658,47.43,57,9,2.89,RU,2022-04-17 16:50:48
317,Cabras,39.93,8.5314,61.86,38,0,11.27,IT,2022-04-17 16:50:49
318,Teknaf,20.8624,92.3058,79.92,89,12,3.4,BD,2022-04-17 16:50:49
319,Quilmana,-12.95,-76.3833,74.84,64,83,8.46,PE,2022-04-17 16:50:50
320,Gatesville,31.4352,-97.7439,72.36,64,100,1.25,US,2022-04-17 16:50:50
321,Lavrentiya,65.5833,-171.0,28.45,96,100,13.47,RU,2022-04-17 16:50:50
322,Karratha,-20.7377,116.8463,85.12,41,47,5.37,AU,2022-04-17 16:50:51
323,Vanavara,60.34,102.2797,40.82,86,99,14.47,RU,2022-04-17 16:50:51
324,Coihaique,-45.5752,-72.0662,50.61,76,0,4.61,CL,2022-04-17 16:50:51
325,Broome,42.2506,-75.833,41.09,60,75,14.97,US,2022-04-17 16:50:51
326,Sechura,-5.5569,-80.8222,78.69,56,16,11.68,PE,2022-04-17 16:50:52
327,Athabasca,54.7169,-113.2854,32.38,56,97,0.31,CA,2022-04-17 16:50:52
328,Araripina,-7.5761,-40.4983,83.75,54,69,2.91,BR,2022-04-17 16:50:52
329,Isangel,-19.55,169.2667,78.98,83,100,2.04,VU,2022-04-17 16:50:53
330,Xuddur,4.1213,43.8894,77.5,73,95,11.5,SO,2022-04-17 16:50:53
331,Vao,-22.6667,167.4833,76.6,70,14,3.53,NC,2022-04-17 16:50:53
332,Bathsheba,13.2167,-59.5167,84.81,61,40,23.02,BB,2022-04-17 16:49:26
333,Nara,34.6851,135.8049,57.49,66,66,3.33,JP,2022-04-17 16:48:11
334,El Alto,-4.2714,-81.2147,73.06,66,27,14.61,PE,2022-04-17 16:50:54
335,Bodden Town,19.2833,-81.25,86.0,69,20,6.91,KY,2022-04-17 16:50:54
336,Piacabucu,-10.4056,-36.4344,85.84,64,26,12.08,BR,2022-04-17 16:50:54
337,Cap Malheureux,-19.9842,57.6142,78.48,88,30,1.01,MU,2022-04-17 16:50:55
338,Kavieng,-2.5744,150.7967,82.9,72,82,12.57,PG,2022-04-17 16:50:55
339,Jalu,29.0331,21.5482,79.95,26,42,15.12,LY,2022-04-17 16:50:55
340,Anadyr,64.75,177.4833,30.7,86,75,22.37,RU,2022-04-17 16:46:30
341,Rudnogorsk,57.2639,103.7519,47.59,80,97,13.94,RU,2022-04-17 16:50:56
342,Tromso,69.6496,18.957,42.82,81,75,18.41,NO,2022-04-17 16:50:56
343,Saldanha,-33.0117,17.9442,73.45,78,2,12.26,ZA,2022-04-17 16:50:56
344,Grass Valley,39.2191,-121.0611,58.08,71,0,3.0,US,2022-04-17 16:50:57
345,Zonguldak,41.25,31.8333,49.06,97,100,3.96,TR,2022-04-17 16:50:57
346,Dunedin,-45.8742,170.5036,52.81,71,7,7.0,NZ,2022-04-17 16:46:33
347,Xiaoshi,41.2971,124.1209,51.19,37,90,1.43,CN,2022-04-17 16:50:57
348,Muli,2.9167,73.5667,84.34,69,63,11.34,MV,2022-04-17 16:50:58
349,Labuhan,-6.8844,112.2051,81.09,81,48,3.56,ID,2022-04-17 16:50:58
350,Marsa Matruh,31.3525,27.2453,75.4,41,98,11.5,EG,2022-04-17 16:50:58
351,Jaciara,-15.9653,-54.9683,84.07,51,3,3.67,BR,2022-04-17 16:50:59
352,Kalemie,-5.9475,29.1947,71.8,84,23,2.26,CD,2022-04-17 16:50:59
353,Sao Gabriel Da Cachoeira,-0.1303,-67.0892,85.8,74,40,3.44,BR,2022-04-17 16:50:59
354,Deputatskiy,69.3,139.9,-4.76,100,100,2.17,RU,2022-04-17 16:46:42
355,Yar-Sale,66.8333,70.8333,14.0,93,91,7.76,RU,2022-04-17 16:51:00
356,Zhigansk,66.7697,123.3711,25.52,86,100,30.33,RU,2022-04-17 16:51:00
357,Mountain Home,43.133,-115.6912,40.48,100,0,0.0,US,2022-04-17 16:51:00
358,Talusan,7.4267,122.8103,81.3,77,98,7.16,PH,2022-04-17 16:51:01
359,Tahoua,14.8888,5.2692,98.58,8,0,5.75,NE,2022-04-17 16:51:01
360,Okha,53.5739,142.9478,19.02,94,77,1.34,RU,2022-04-17 16:51:01
361,Korla,41.7597,86.1469,57.94,13,0,3.24,CN,2022-04-17 16:51:02
362,Liusha,27.2098,108.59,43.99,97,100,1.39,CN,2022-04-17 16:51:02
363,Pisco,-13.7,-76.2167,69.03,77,0,8.05,PE,2022-04-17 16:51:03
364,Maua,-23.6678,-46.4614,70.75,79,89,7.7,BR,2022-04-17 16:51:03
365,Kedrovyy,56.1667,91.8167,55.81,92,100,5.08,RU,2022-04-17 16:52:03
366,Faya,18.3851,42.4509,72.12,34,81,3.56,SA,2022-04-17 16:52:04
367,Banjarmasin,-3.3244,114.591,78.94,89,95,2.86,ID,2022-04-17 16:52:04
368,Opuwo,-18.0607,13.84,79.38,37,33,3.31,NA,2022-04-17 16:52:04
369,Valdivia,-39.8142,-73.2459,50.09,54,100,4.41,CL,2022-04-17 16:52:05
370,Mianyang,31.4593,104.7542,53.33,82,100,2.1,CN,2022-04-17 16:52:05
371,Delitzsch,51.5333,12.35,58.23,44,0,5.75,DE,2022-04-17 16:52:05
372,Siyabuswa,-25.1132,29.0445,61.72,86,99,2.66,ZA,2022-04-17 16:52:06
373,Leningradskiy,69.3833,178.4167,-1.17,95,39,3.13,RU,2022-04-17 16:52:06
374,Fairbanks,64.8378,-147.7164,22.01,43,0,8.05,US,2022-04-17 16:47:21
375,Rorvik,64.8621,11.2373,55.51,41,0,3.44,NO,2022-04-17 16:52:06
376,Penzance,50.1186,-5.5371,51.78,89,96,13.02,GB,2022-04-17 16:52:07
377,Haines Junction,60.7522,-137.5108,21.15,58,97,2.3,CA,2022-04-17 16:49:14
378,Cairns,-16.9167,145.7667,75.15,89,75,8.05,AU,2022-04-17 16:52:07
379,Todos Santos,23.45,-110.2167,76.33,43,100,4.76,MX,2022-04-17 16:48:24
380,Shiggaon,15.0,75.2333,77.88,62,99,3.83,IN,2022-04-17 16:52:08
381,Camalu,30.85,-116.0667,65.97,54,0,9.95,MX,2022-04-17 16:52:08
382,San Felipe,10.3399,-68.7425,75.67,87,100,4.14,VE,2022-04-17 16:52:08
383,Freetown,8.484,-13.2299,80.37,64,86,10.13,SL,2022-04-17 16:52:09
384,Rafai,4.95,23.9167,80.94,57,47,4.81,CF,2022-04-17 16:52:09
385,Vilhena,-12.7406,-60.1458,80.82,74,75,8.05,BR,2022-04-17 16:52:09
386,Burgeo,47.6167,-57.6152,39.79,98,80,16.62,CA,2022-04-17 16:52:10
387,Traralgon,-38.1833,146.5333,62.89,79,100,3.2,AU,2022-04-17 16:52:10
388,Atambua,-9.1061,124.8925,74.37,88,100,3.02,ID,2022-04-17 16:52:10
389,Deloraine,-41.5333,146.6667,59.79,15,100,2.8,AU,2022-04-17 16:52:11
390,Amlagora,22.8333,87.3333,87.46,51,30,14.52,IN,2022-04-17 16:52:11
391,Ouegoa,-20.35,164.4333,73.63,73,69,3.87,NC,2022-04-17 16:52:11
392,Thinadhoo,0.5333,72.9333,83.66,72,75,9.22,MV,2022-04-17 16:52:12
393,Itacare,-14.2775,-38.9967,73.76,97,100,12.19,BR,2022-04-17 16:52:12
394,Coquimbo,-29.9533,-71.3436,62.33,72,40,5.75,CL,2022-04-17 16:50:41
395,Balta,47.9355,29.6198,41.99,55,99,8.77,UA,2022-04-17 16:52:12
396,Provideniya,64.3833,-173.3,29.66,96,100,18.14,RU,2022-04-17 16:52:13
397,Khash,28.2211,61.2158,75.74,21,3,13.13,IR,2022-04-17 16:52:13
398,Boyolangu,-8.1181,111.8935,76.8,90,100,2.82,ID,2022-04-17 16:52:13
399,Trinidad,-14.8333,-64.9,84.18,45,20,12.66,BO,2022-04-17 16:47:58
400,Jiujiang,29.7333,115.9833,54.61,87,100,9.13,CN,2022-04-17 16:52:14
401,Lithgow,-33.4833,150.15,46.96,81,63,3.33,AU,2022-04-17 16:52:14
402,Mareeba,-17.0,145.4333,70.52,93,83,2.44,AU,2022-04-17 16:49:20
403,Alice Springs,-23.7,133.8833,78.35,32,85,8.05,AU,2022-04-17 16:52:14
404,Agua Verde,22.9,-106.05,78.1,42,66,4.56,MX,2022-04-17 16:52:15
405,Xaxim,-26.9617,-52.5347,70.18,51,26,4.09,BR,2022-04-17 16:52:15
406,Palmer,42.1584,-72.3287,44.15,57,75,11.5,US,2022-04-17 16:52:11
407,Bad Liebenwerda,51.5167,13.4,57.02,57,75,2.13,DE,2022-04-17 16:52:15
408,Gatton,-27.55,152.2833,62.64,95,0,2.42,AU,2022-04-17 16:52:16
409,Ahipara,-35.1667,173.1667,68.49,91,100,14.61,NZ,2022-04-17 16:52:16
410,Turayf,31.6725,38.6637,80.85,11,0,4.61,SA,2022-04-17 16:52:16
411,Beira,-19.8436,34.8389,80.69,83,40,6.91,MZ,2022-04-17 16:52:17
412,Povenets,62.8487,34.8262,36.12,99,100,7.14,RU,2022-04-17 16:52:17
413,Fonte Boa,-2.4959,-66.2662,86.04,71,80,0.81,BR,2022-04-17 16:52:17
414,Da Nang,16.0678,108.2208,78.78,83,20,0.0,VN,2022-04-17 16:53:18
415,Chanute,37.6792,-95.4572,43.02,94,100,9.93,US,2022-04-17 16:53:18
416,De Aar,-30.6497,24.0123,64.89,42,0,6.38,ZA,2022-04-17 16:53:18
417,Mana,5.6592,-53.7767,82.81,69,44,9.24,GF,2022-04-17 16:53:19
418,Camacha,33.0833,-16.3333,63.82,68,20,21.85,PT,2022-04-17 16:53:19
419,Birao,10.2849,22.7882,96.82,20,84,2.91,CF,2022-04-17 16:53:19
420,Maragogi,-9.0122,-35.2225,84.42,70,70,9.26,BR,2022-04-17 16:53:13
421,Ambilobe,-13.2,49.05,75.67,86,3,3.65,MG,2022-04-17 16:53:20
422,Grenaa,56.4158,10.8783,55.62,70,1,8.08,DK,2022-04-17 16:53:20
423,Muros,42.7762,-9.0603,70.68,69,37,14.7,ES,2022-04-17 16:53:21
424,Biltine,14.5333,20.9167,96.66,17,11,1.01,TD,2022-04-17 16:53:21
425,Gunnedah,-30.9833,150.25,57.65,50,2,3.2,AU,2022-04-17 16:53:21
426,Saint-Denis,48.9167,2.3333,70.57,26,0,11.5,FR,2022-04-17 16:53:21
427,Belogorsk,50.9158,128.4611,32.32,72,29,7.16,RU,2022-04-17 16:53:22
428,Iranshahr,27.2025,60.6848,93.54,15,43,18.41,IR,2022-04-17 16:53:22
429,Zhoukou,33.6333,114.6333,49.59,70,98,6.87,CN,2022-04-17 16:53:23
430,Goalpara,26.1667,90.6167,75.96,75,26,6.64,IN,2022-04-17 16:53:23
431,Providencia,28.7167,-111.5833,87.21,24,89,6.87,MX,2022-04-17 16:53:23
432,Liwale,-9.7667,37.9333,70.38,97,27,4.56,TZ,2022-04-17 16:53:24
433,Bengkulu,-3.8004,102.2655,77.5,89,44,3.36,ID,2022-04-17 16:51:13
434,Conde,-7.2597,-34.9075,85.46,66,75,10.36,BR,2022-04-17 16:53:24
435,Malindi,-3.2175,40.1191,82.56,83,75,5.75,KE,2022-04-17 16:53:24
436,Wum,6.3833,10.0667,72.5,85,81,1.66,CM,2022-04-17 16:53:25
437,Krymsk,44.9293,37.9912,54.39,65,100,1.32,RU,2022-04-17 16:53:25
438,Ritchie,-29.038,24.6028,61.81,63,49,4.88,ZA,2022-04-17 16:53:25
439,Guiratinga,-16.3494,-53.7583,84.04,30,6,3.76,BR,2022-04-17 16:53:25
440,Arlit,18.7369,7.3853,88.23,7,100,3.65,NE,2022-04-17 16:52:08
441,Kalengwa,-13.4659,25.0027,65.5,91,69,3.74,ZM,2022-04-17 16:53:26
442,Iskateley,67.6803,53.1512,32.74,98,99,11.5,RU,2022-04-17 16:53:26
443,Fukue,32.6881,128.8419,59.74,46,99,7.38,JP,2022-04-17 16:53:27
444,Oktyabrskoye,43.0645,44.7417,57.34,58,75,11.18,RU,2022-04-17 16:53:27
445,Jian,27.1172,114.9793,53.53,94,100,3.78,CN,2022-04-17 16:53:27
446,Svetlaya,46.5389,138.3297,34.43,73,55,7.25,RU,2022-04-17 16:53:28
447,Toamasina,-18.1667,49.3833,73.4,94,75,5.75,MG,2022-04-17 16:49:55
448,Kasempa,-13.4584,25.8338,65.88,89,54,4.85,ZM,2022-04-17 16:53:28
449,Vegueta,-11.0231,-77.6431,70.79,73,46,10.31,PE,2022-04-17 16:53:28
450,La Tuque,47.4334,-72.7824,37.65,70,99,9.22,CA,2022-04-17 16:53:29
451,Constitucion,-35.3333,-72.4167,62.64,63,80,5.03,CL,2022-04-17 16:53:29
452,Terrace,54.5163,-128.6035,37.31,60,0,2.3,CA,2022-04-17 16:53:29
453,Bealanana,-14.55,48.7333,63.97,97,7,2.89,MG,2022-04-17 16:53:29
454,Valparaiso,-33.0393,-71.6273,53.83,100,100,4.61,CL,2022-04-17 16:49:28
455,Ichinoseki,38.9167,141.1333,43.39,91,0,0.45,JP,2022-04-17 16:53:30
456,Talas,38.6908,35.5538,65.07,24,75,10.36,TR,2022-04-17 16:53:30
457,Victor Harbor,-35.5667,138.6167,60.67,91,100,1.48,AU,2022-04-17 16:50:14
458,Yenagoa,4.9247,6.2642,80.19,84,100,4.65,NG,2022-04-17 16:54:31
459,Gigmoto,13.7796,124.39,78.19,85,59,9.15,PH,2022-04-17 16:54:31
460,Matadi,-5.8167,13.45,84.31,75,78,3.4,CD,2022-04-17 16:54:31
461,Pokhara,28.2333,83.9833,74.08,23,22,7.81,NP,2022-04-17 16:54:10
462,Cabinda,-5.55,12.2,84.34,74,20,8.05,AO,2022-04-17 16:54:32
463,Carutapera,-1.195,-46.02,84.83,72,64,5.14,BR,2022-04-17 16:54:32
464,Vestmannaeyjar,63.4427,-20.2734,43.77,69,57,6.64,IS,2022-04-17 16:54:32
465,San Marcos,33.1434,-117.1661,69.64,70,40,3.44,US,2022-04-17 16:54:33
466,Salalah,17.0151,54.0924,81.82,81,7,6.62,OM,2022-04-17 16:54:33
467,Oban,56.4127,-5.4706,56.37,78,100,9.75,GB,2022-04-17 16:54:33
468,Huarmey,-10.0681,-78.1522,72.14,72,32,10.18,PE,2022-04-17 16:54:34
469,Hobyo,5.3505,48.5268,83.93,79,16,17.69,SO,2022-04-17 16:54:34
470,Banda Aceh,5.5577,95.3222,80.2,75,45,4.21,ID,2022-04-17 16:53:06
471,Invermere,50.5167,-116.0354,40.42,43,100,3.06,CA,2022-04-17 16:53:36
472,San Pedro,14.35,121.0167,81.63,72,40,5.75,PH,2022-04-17 16:52:03
473,Manaure,11.7751,-72.4445,87.33,59,100,12.53,CO,2022-04-17 16:54:34
474,Zhezkazgan,47.8043,67.7144,62.49,47,69,16.44,KZ,2022-04-17 16:54:35
475,Rockhampton,-23.3833,150.5,66.09,77,5,6.91,AU,2022-04-17 16:54:35
476,Hasaki,35.7333,140.8333,52.29,68,67,7.09,JP,2022-04-17 16:54:35
477,Piterka,50.6803,47.4454,55.0,63,100,6.8,RU,2022-04-17 16:54:36
478,Bonthe,7.5264,-12.505,84.15,55,86,12.55,SL,2022-04-17 16:54:36
479,Chumikan,54.7183,135.315,11.55,96,84,5.3,RU,2022-04-17 16:54:36
480,Kudahuvadhoo,2.6708,72.8944,84.29,70,46,11.79,MV,2022-04-17 16:54:37
481,Zhangye,38.9342,100.4517,45.99,29,63,2.89,CN,2022-04-17 16:51:49
482,Kitimat,54.0524,-128.6534,41.92,62,23,0.96,CA,2022-04-17 16:54:37
483,Simpsonville,34.7371,-82.2543,77.18,45,0,6.91,US,2022-04-17 16:54:37
484,Bardiyah,31.7561,25.0865,63.75,78,35,18.34,LY,2022-04-17 16:53:05
485,Angostura,25.3667,-108.1833,89.19,14,100,5.03,MX,2022-04-17 16:54:38
486,Itarema,-2.9248,-39.9167,85.01,70,56,10.29,BR,2022-04-17 16:54:38
487,Longyearbyen,78.2186,15.6401,21.04,79,100,11.5,SJ,2022-04-17 16:54:38
488,Selma,36.5708,-119.6121,66.18,70,0,2.08,US,2022-04-17 16:54:39
489,Mega,4.05,38.3,65.26,71,91,6.62,ET,2022-04-17 16:54:39
490,Sembe,1.6481,14.5806,75.72,86,83,3.56,CG,2022-04-17 16:54:39
491,Salvador,13.8333,-88.9167,84.06,48,42,2.01,SV,2022-04-17 16:49:51
492,North Bend,43.4065,-124.2243,46.17,90,0,6.91,US,2022-04-17 16:54:40
493,Neiafu,-18.65,-173.9833,77.68,100,40,0.0,TO,2022-04-17 16:54:40
494,Avera,33.194,-82.5271,76.55,51,61,2.91,US,2022-04-17 16:52:34
495,Ozernovskiy,51.5,156.5167,31.23,69,100,10.67,RU,2022-04-17 16:54:40
496,Grand-Lahou,5.1367,-5.0242,75.69,93,100,2.66,CI,2022-04-17 16:54:41
497,Fuxin,42.0156,121.6589,55.26,31,100,10.87,CN,2022-04-17 16:54:41
498,Aksarka,66.5606,67.7975,12.22,88,54,8.05,RU,2022-04-17 16:54:41
499,Takoradi,4.8845,-1.7554,82.67,77,100,12.57,GH,2022-04-17 16:53:45
500,Soto,-32.8107,-61.4026,71.04,47,28,6.33,AR,2022-04-17 16:54:42
501,Mahibadhoo,3.7833,72.9667,84.65,72,100,13.58,MV,2022-04-17 16:54:42
502,Syumsi,57.1111,51.6149,32.47,97,100,8.19,RU,2022-04-17 16:54:42
503,Halifax,44.6453,-63.5724,53.69,71,82,20.71,CA,2022-04-17 16:51:51
504,Hrubieszow,50.805,23.8925,39.69,61,97,8.32,PL,2022-04-17 16:54:43
505,Udachnyy,66.4167,112.4,35.46,100,100,12.5,RU,2022-04-17 16:54:43
506,Taloqan,36.7361,69.5345,68.76,48,9,2.42,AF,2022-04-17 16:54:44
507,Ronneby,56.21,15.276,50.5,57,0,6.91,SE,2022-04-17 16:54:44
508,Yerofey Pavlovich,53.9667,121.9667,26.22,55,100,1.66,RU,2022-04-17 16:55:44
509,Quebo,11.3333,-14.9333,94.46,27,76,11.81,GW,2022-04-17 16:55:44
510,Songea,-10.6833,35.65,64.65,96,25,3.33,TZ,2022-04-17 16:55:45
511,Fitii,-16.7333,-151.0333,79.74,74,6,12.17,PF,2022-04-17 16:55:45
512,Kikwit,-5.041,18.8162,69.82,95,100,1.95,CD,2022-04-17 16:55:45
513,Chumphon,10.3333,98.8333,73.92,92,60,1.07,TH,2022-04-17 16:55:46
514,Shagonar,51.5333,92.8,48.22,46,10,1.36,RU,2022-04-17 16:55:46
515,Ancud,-41.8697,-73.8203,64.22,73,100,5.01,CL,2022-04-17 16:55:38
516,Illapel,-31.6308,-71.1653,75.61,38,1,6.17,CL,2022-04-17 16:55:46
517,Khuzdar,27.7384,66.6434,73.33,38,100,2.24,PK,2022-04-17 16:55:47
518,Filadelfia,39.9523,-75.1638,53.22,41,75,16.11,US,2022-04-17 16:51:23
519,Iqaluit,63.7506,-68.5145,-4.27,70,75,25.32,CA,2022-04-17 16:55:47
520,Luebo,-5.35,21.4167,74.97,89,93,1.01,CD,2022-04-17 16:55:48
521,La Ronge,55.1001,-105.2842,32.25,43,40,3.44,CA,2022-04-17 16:53:42
522,Sukhoy Log,56.9094,62.0296,34.36,77,90,3.8,RU,2022-04-17 16:55:48
523,Qax,41.4225,46.9242,52.79,63,7,5.19,AZ,2022-04-17 16:55:48
524,Tarija,-21.5355,-64.7296,64.31,48,75,5.75,BO,2022-04-17 16:55:49
525,Lopez Jaena,10.8492,123.4278,78.15,85,59,7.34,PH,2022-04-17 16:55:49
526,Kurilsk,45.2333,147.8833,35.15,96,98,6.98,RU,2022-04-17 16:55:49
527,Umm Kaddadah,13.6017,26.6876,94.8,16,87,3.96,SD,2022-04-17 16:55:49
528,Verkhovazhye,60.7472,42.0465,33.62,93,100,4.83,RU,2022-04-17 16:55:50
529,Gizo,-8.103,156.8419,81.07,77,100,7.83,SB,2022-04-17 16:55:50
530,Nizwa,22.9333,57.5333,90.77,18,88,7.78,OM,2022-04-17 16:55:50
531,Tutoia,-2.7619,-42.2744,83.57,74,86,8.01,BR,2022-04-17 16:55:51
532,Tongliao,43.6125,122.2653,45.45,50,75,4.61,CN,2022-04-17 16:55:51
533,Broken Hill,-31.95,141.4333,74.91,29,75,11.5,AU,2022-04-17 16:54:17
534,Ponta Delgada,37.7333,-25.6667,63.32,72,40,18.41,PT,2022-04-17 16:55:51
535,Christchurch,-43.5333,172.6333,54.91,80,83,5.75,NZ,2022-04-17 16:52:54
536,Namtsy,62.7161,129.6658,10.18,95,31,5.17,RU,2022-04-17 16:55:52
537,Sobolevo,54.4299,31.8996,36.52,71,100,12.97,RU,2022-04-17 16:55:52
538,Innisfail,-17.5333,146.0333,71.67,86,100,3.38,AU,2022-04-17 16:55:52
539,Tamworth,52.634,-1.6959,64.72,47,100,12.73,GB,2022-04-17 16:55:53
540,Shubarshi,48.5872,57.1869,57.69,51,95,6.02,KZ,2022-04-17 16:55:53
541,Olafsvik,64.8945,-23.7142,41.86,74,98,9.71,IS,2022-04-17 16:55:53
542,Codrington,-38.2667,141.9667,55.56,95,100,6.22,AU,2022-04-17 16:51:32
543,Biskamzha,53.4497,89.5272,39.67,95,100,0.6,RU,2022-04-17 16:55:54
544,Baykit,61.67,96.37,30.74,84,98,11.27,RU,2022-04-17 16:55:54
545,Puerto Baquerizo Moreno,-0.9,-89.6,77.99,83,75,12.66,EC,2022-04-17 16:55:54
546,Lalian,31.8241,72.7997,87.93,13,28,5.1,PK,2022-04-17 16:55:55
547,Linjiang,41.8069,126.9078,44.55,73,71,1.88,CN,2022-04-17 16:55:55
548,Maceio,-9.6658,-35.7353,85.44,70,75,11.5,BR,2022-04-17 16:55:55
549,Vila Velha,-20.3297,-40.2925,82.35,63,0,16.11,BR,2022-04-17 16:55:56
550,Nizhniy Tsasuchey,50.5167,115.1333,41.68,55,87,8.08,RU,2022-04-17 16:55:56
551,Palaikastron,35.2,26.25,61.9,89,21,13.18,GR,2022-04-17 16:55:56
552,Shahrud,36.4182,54.9763,46.51,64,6,14.25,IR,2022-04-17 16:55:57
553,Moron,-34.6534,-58.6198,71.78,47,89,6.62,AR,2022-04-17 16:55:57
554,Miguel Alves,-4.1656,-42.8953,86.83,70,91,1.41,BR,2022-04-17 16:55:57
555,Calvinia,-31.4707,19.776,67.19,37,0,5.66,ZA,2022-04-17 16:55:58
556,Lorengau,-2.0226,147.2712,81.09,81,62,4.94,PG,2022-04-17 16:56:58
557,Saiha,22.4833,92.9667,64.13,93,14,3.71,IN,2022-04-17 16:56:58
558,Usinsk,65.9939,57.5281,25.79,89,90,10.2,RU,2022-04-17 16:56:59
559,Cabo San Lucas,22.8909,-109.9124,89.19,27,100,1.01,MX,2022-04-17 16:54:13
560,Imeni Poliny Osipenko,52.4201,136.4853,23.45,97,100,5.3,RU,2022-04-17 16:56:59
561,Alibag,18.6411,72.8792,84.27,65,0,3.04,IN,2022-04-17 16:56:59
562,Dubna,56.7333,37.1667,31.46,84,46,5.39,RU,2022-04-17 16:57:00
563,Asau,46.4333,26.4,40.28,65,100,8.52,RO,2022-04-17 16:57:00
564,Davila,18.4726,120.5763,78.08,81,35,14.99,PH,2022-04-17 16:57:00
565,Pangai,-19.8,-174.35,80.98,76,74,12.64,TO,2022-04-17 16:57:00
566,Anjangaon,21.1631,77.3094,92.43,13,0,5.3,IN,2022-04-17 16:57:01
